timestamp,is_anomaly,confidence,reasons,heart_rate_mean,heart_rate_var,heart_rate_slope,spo2_mean,spo2_var,spo2_slope,bp_systolic_mean,bp_systolic_var,bp_systolic_slope,confidence_mean,risk_score,sensor_stability,final_confidence,risk_threshold_breached,confidence_acceptable,persistent_risk,alert_triggered,alert_comment
29.0,False,,,75.24259334700929,0.6060170374692946,0.0151793784535249,97.98694496987108,0.0467863979994001,0.0004310933790495,119.94268612478422,5.833345696502367,-0.0266027078280004,,0.0028091368131954813,0.993939829625307,,False,False,False,False,Normal status.
39.0,False,0.8927943813516108,,75.23676106289676,0.7309646750631759,0.0157554296007454,98.00136969574793,0.0520604183440085,0.0020433597071967,119.92094677053508,5.161326921762659,0.0567626558596412,0.8927943813516108,0.0021045427813045437,0.9926903532493683,0.922763172920938,False,True,False,False,Normal status.
49.0,False,0.8929155578187571,,75.06210196624963,0.777392421064267,-0.0189510342094463,97.99594571810889,0.0433015625021747,0.0002724792954927,120.33736222525762,3.5030387320173983,0.0419123412785499,0.8929155578187571,0.002441542698618322,0.9922260757893573,0.9227087132099372,False,True,False,False,Normal status.
59.0,False,0.8927521935498337,,74.93786321281914,1.0563477928694576,-0.006194419343246,98.00766506149162,0.0353903928212467,0.0005411890619225,120.36009893502288,1.9501407488313296,-0.0368616205577384,0.8927521935498337,0.001800494675114379,0.9894365220713054,0.9217574921062751,False,True,False,False,Normal status.
69.0,False,0.8916188591936611,,74.74288186011775,0.9741503250873694,-0.0057169733430578,98.01692575132938,0.0354715247381045,0.0033017445606373,120.41248454360628,3.158064204984875,0.0074213761939013,0.8916188591936611,0.002062422718031414,0.9902584967491264,0.9212107504603007,False,True,False,False,Normal status.
79.0,False,0.8907213104852251,,74.72413997030498,0.8448390493388843,-0.0200325680544195,98.04014374150668,0.0365701734520697,0.0028401107250323,120.16305995062412,3.752316990984153,0.0079637610427295,0.8907213104852251,0.0008152997531205842,0.9915516095066111,0.9209704001916408,False,True,False,False,Normal status.
89.0,False,0.891998928815287,,74.79672140182763,0.8245077487813626,0.0174723807383493,98.04065725084789,0.0414653904186151,-0.0001785537245339,120.128363361838,4.74271037793334,-0.0493208162495621,0.891998928815287,0.0006418168091899901,0.9917549225121863,0.9219257269243568,False,True,False,False,Normal status.
99.0,False,0.8952634942137156,,74.92548207521915,1.193783603614199,0.0161027389648306,98.02000839101792,0.0311269731315392,-0.0024838794500931,120.04962902355788,4.103226446601144,0.0304542048609629,0.8952634942137156,0.00024814511778942005,0.988062163963858,0.9231030951387583,False,True,False,False,Normal status.
109.0,False,0.8985979053689689,,75.04919438267795,1.355391718777308,-0.0102812428258252,97.98843040152344,0.0288232463564103,-0.0020529911882798,120.19500349279194,4.234819582232627,0.0413296570676285,0.8985979053689689,0.0019907807893692663,0.9864460828122269,0.9249523586019462,False,True,False,False,Normal status.
119.0,False,0.9012525048877094,,74.94451996245067,1.268101191800138,-0.0122450977212551,97.9584100311872,0.0216194773347997,-0.0001463168052914,120.62258878048334,4.034933284570823,0.0386566901832207,0.9012525048877094,0.00519244234305674,0.9873189880819986,0.9270724498459961,False,True,False,False,Normal status.
129.0,False,0.9043652771790808,,74.94574707836121,0.7129135447290245,-0.0105403123229479,97.9550181542158,0.030000356425673,0.0011404884728742,120.56940529252752,4.166412744328189,0.0232602606574437,0.9043652771790808,0.005096118751847954,0.9928708645527098,0.9309169533911694,False,True,False,False,Normal status.
139.0,False,0.906843012568137,,74.99812192690443,0.6131923015574572,0.0101436254554216,97.94089360022257,0.0376460113514094,-5.811817071556973e-05,120.27248908688948,6.063255826266978,-0.0388592823820307,0.906843012568137,0.004317765423319102,0.9938680769844255,0.9329505318930236,False,True,False,False,Normal status.
149.0,False,0.9078348742938256,,74.98000091529295,0.7113543142953885,-0.00768219691133,97.96030404995491,0.0491331436817369,-0.0002730005329579,120.2478319411302,5.345045605610734,0.0506240376641356,0.9078348742938256,0.003223957207905315,0.9928864568570461,0.9333503490627917,False,True,False,False,Normal status.
159.0,False,0.9074797690440038,,75.02066248836063,0.6983528182632851,-0.0022746360642613,97.96932202409124,0.0457939895748925,0.0021394039741022,119.94816026419367,4.43602731434861,0.0062965369123727,0.9074797690440038,0.0017175653586435323,0.9930164718173672,0.9331407798760127,False,True,False,False,Normal status.
169.0,False,0.9068866030604632,,74.9655442111744,0.9747612107914676,0.0086206649716098,98.01250781572168,0.0392037172252935,0.002407803977819,120.28764197642262,2.4710457613489525,-0.0161946633498034,0.9068866030604632,0.0014382098821130998,0.9902523878920854,0.9318963385099497,False,True,False,False,Normal status.
179.0,False,0.9051275900942128,,75.09307078960055,1.1486920689537263,0.0074315369703901,98.04456311525928,0.0353924755318805,0.003611059314399,119.9705446909526,2.1565690551570658,0.0177250933717048,0.9051275900942128,0.0008272959075604074,0.9885130793104627,0.9301432368590877,False,True,False,False,Normal status.
189.0,False,0.9024591370290744,,75.14681531425198,1.2667190377222528,0.0250309049939985,98.06410496696611,0.0411650115801521,0.000559890483332,120.12570448225604,2.085338161393281,-0.0258716694807317,0.9024591370290744,0.0019335474268533659,0.9873328096227775,0.9279212388071852,False,True,False,False,Normal status.
199.0,False,0.9011602558693976,,75.14243675044577,1.022952829931915,0.0065203613571775,98.04702048069748,0.0491314852240952,-0.0057928753632188,119.92002790851603,1.611308533319498,0.0050859758497846,0.9011602558693976,0.0012661044484068246,0.9897704717006809,0.9277433206187826,False,True,False,False,Normal status.
209.0,False,0.9012799078727678,,75.01007232928981,1.149639520019154,-0.0141200306412806,98.03431647259002,0.0473040268010906,-0.0034461622757962,119.7622806020858,2.2523947518502347,-0.008154875418158,0.9012799078727678,8.953181590944345e-05,0.9885036047998085,0.9274470169508799,False,True,False,False,Normal status.
219.0,False,0.9026291352923748,,74.77847576932372,1.0999026111652668,-0.0078378991485771,98.02479811980426,0.0391820619201761,0.0001814694403547,120.20871432596267,4.247800574808084,0.06260237391512,0.9026291352923748,0.0010435716298133715,0.9890009738883473,0.9285406868711664,False,True,False,False,Normal status.
229.0,False,0.9033372078895724,,74.7433636533486,1.0934017904604667,0.0101953254931338,98.03608066030556,0.03586498467648,0.0003633802963049,120.03248407058928,4.760284523106443,-0.0053027971821161,0.9033372078895724,0.00016242035294638415,0.9890659820953953,0.9290558401513191,False,True,False,False,Normal status.
239.0,False,0.902728691222194,,74.92834291646766,0.6792831664179804,0.034946947319438,98.02350303434528,0.0505038609901173,0.0009837917382511,120.38906648343657,4.434020220160334,-0.0423409046489881,0.902728691222194,0.0019453324171828257,0.9932071683358202,0.9298722343562819,False,True,False,False,Normal status.
249.0,False,0.901120047525316,,75.02125034705442,1.0865757264928222,-0.0030028884380107,97.99390741325628,0.0500857059644216,-0.004523840879517,119.89079126347262,2.42053371305896,0.0205359084941917,0.901120047525316,0.0004935213110030172,0.9891342427350718,0.9275243060882427,False,True,False,False,Normal status.
259.0,False,0.897846780829995,,75.08176769828512,0.9932167649651186,-0.0159360693535157,97.99610917506688,0.042089822262518,-0.0015198016938317,120.2085098671988,3.407357522333569,-0.0046799263966905,0.897846780829995,0.0019639145674067594,0.9900678323503488,0.9255130962861011,False,True,False,False,Normal status.
269.0,False,0.8954521392529663,,74.9444488990703,0.9462643237184104,-0.0020404694235077,98.01327500247056,0.0250433112537622,0.0029696232102539,119.67091128575504,4.249950563939695,-0.0302413414498553,0.8954521392529663,0.0,0.9905373567628158,0.9239777045059211,False,True,False,False,Normal status.
279.0,False,0.8736795419596256,,74.96573942554603,0.6687142432749045,-0.0053423692532811,98.0236640243864,0.0285022902682326,-0.0024845774215565,119.5804000517191,4.724730892937886,-0.0306247997347719,0.8736795419596256,0.0,0.993312857567251,0.9095695366419132,False,True,False,False,Normal status.
289.0,False,0.8106344016956697,,74.97393148351803,0.8805095317647548,0.0045025842737928,98.01238852719908,0.0375583491732674,-0.0014911353207199,119.5183708732502,3.683309865596891,0.0583241372602279,0.8106344016956697,0.0,0.9911949046823525,0.8648025525916745,False,True,False,False,Normal status.
299.0,False,0.7070132675668717,,74.99958021744219,0.9579753559230108,-0.00385154588113,97.99976331530075,0.033961060855649,0.0035654348639325,119.44757361756552,3.211771962130715,-0.0233673187741908,0.7070132675668717,1.1834234962293522e-05,0.9904202464407699,0.7920353612290411,False,True,False,False,Normal status.
309.0,False,0.595752590633244,,79.99581889012829,53.50952724161641,0.6677267971497968,95.3780896408036,16.911610643099653,-0.3704625452544671,119.74202490127118,3.1414312855509587,0.015813612018115,0.595752590633244,0.21060335637981945,0.5,0.5670268134432708,False,False,False,False,Normal status.
319.0,True,0.5267334976360518,Declining SpO2 trend,85.14255243708455,58.697083761503706,0.6740910868039675,92.4768642933558,19.16209304688368,-0.391703753436121,119.77210470310912,3.381035291601571,0.0567624922413802,0.5267334976360518,0.43957536839422034,0.5,0.5187134483452362,False,False,False,False,Normal status.
329.0,False,0.4989282071528534,,89.77181281385556,9.891990573855525,-0.0428890983052597,90.1193655542084,4.807205887415735,0.0464181151617416,120.55558141205049,2.6603250138345795,0.023363513045895,0.4989282071528534,0.5281146321396596,0.9010800942614448,0.6195737732854307,False,False,False,False,Normal status.
339.0,False,0.5187245341315199,,85.15078524824747,50.94659616798007,-0.677944721051966,92.62360029513547,14.575925022098916,0.406420023410622,120.27110450049732,3.14542630327318,-0.0423836262532992,0.5187245341315199,0.36040470995235707,0.5,0.5131071738920638,False,False,False,False,Normal status.
349.0,False,0.5819027982289675,,79.88400196704369,46.7820155449366,-0.6390869343990577,95.53611897986184,11.536860950186345,0.3340410575823365,119.75309116120138,3.628393322667731,-0.097903735910026,0.5819027982289675,0.1666074018250741,0.532179844550634,0.5669859121254675,False,False,False,False,Normal status.
359.0,False,0.6866738389132687,,75.20178643944585,4.452860485284111,-0.0823874228159893,97.8732486745436,0.3529822115533761,0.0229364736746382,119.26890526378038,3.4539393434228147,0.0202954190900582,0.6866738389132687,0.008131223512338533,0.9554713951471588,0.7673131057834357,False,True,False,False,Normal status.
369.0,False,0.7996900449212332,,74.73450866555353,1.144330311293179,-0.0042929703333336,97.97497057053708,0.0485973999393185,-0.005550420044348,119.34988529863016,3.285387374610236,0.0587453436569282,0.7996900449212332,0.0012514714731459266,0.9885566968870683,0.8563500405109836,False,True,False,False,Normal status.
379.0,False,0.8715562508434724,,74.80703258995955,1.6291913124913444,0.0026204025468942,97.95527414649972,0.0388840313676139,0.0020948923359756,120.07172311245772,4.23070114389255,0.0618170871660531,0.8715562508434724,0.0025949082373026757,0.9837080868750866,0.9052018016529566,False,True,False,False,Normal status.
389.0,False,0.902352603896532,,75.03709025649867,1.4069716577558191,0.0395536171633384,97.99146115216516,0.0420283130328068,0.0064840957577742,120.1732498172084,3.733042177721169,-0.0017992698013511,0.902352603896532,0.0016228826466611916,0.9859302834224418,0.927425907754305,False,True,False,False,Normal status.
399.0,False,0.903351196585994,,75.24287871922509,1.180301332722813,0.0182819576186047,98.03451189394238,0.0461138141190426,0.001157691473923,120.38075725003284,4.959262346300295,-0.0341955736923525,0.903351196585994,0.0040627081988316785,0.9881969866727719,0.9288049336120274,False,True,False,False,Normal status.
409.0,False,0.9028084526127768,,75.14784765412996,0.934768488793548,-0.0385881049445558,98.00007293361972,0.0472950896994667,-0.009575214832439,120.41032222891596,3.643889263364173,0.0259573486700607,0.9028084526127768,0.0033658125146238957,0.9906523151120645,0.9291616113625629,False,True,False,False,Normal status.
419.0,False,0.9034732259458648,,74.92793596351382,0.7690697600584755,-0.0202780631855188,97.9834079935614,0.0440192925029842,-0.0010614535563904,120.63125601839133,4.372365075610021,0.0059555039812406,0.9034732259458648,0.003985880413886634,0.9923093023994153,0.9301240488819299,False,True,False,False,Normal status.
429.0,False,0.904860762750512,,74.68225002783706,0.7280711357469275,-0.0028564163869375,97.97565248725344,0.0348498832380869,0.0088171553725177,120.300686321373,3.533257244002026,-0.06161017181639,0.904860762750512,0.002720807244192969,0.9927192886425307,0.9312183205181176,False,True,False,False,Normal status.
439.0,False,0.9059451609157276,,74.91721672765098,0.7853931293252432,0.0220375561127876,98.00093584561016,0.0311835628459069,-0.0002819703207852,119.76010157390338,4.625773971513135,-0.0650329301197902,0.9059451609157276,0.0,0.9921460687067476,0.9318054332530337,False,True,False,False,Normal status.
449.0,False,0.90386382182459,,75.0486835967419,1.0827774753509836,0.0294008767263452,97.99816048383931,0.0359332507297088,0.0025962050637357,119.5383875839738,4.183616074360031,0.0229778752818085,0.90386382182459,0.0005247188901844879,0.9891722252464902,0.92945634285116,False,True,False,False,Normal status.
459.0,False,0.9035343782759212,,75.33313219205215,0.7940101960148571,-0.0068603650991544,97.9582504345978,0.0353849651616498,0.0017073845582024,119.79148666275312,4.804836215188652,0.0337016407374302,0.9035343782759212,0.005048653310573489,0.9920598980398514,0.9300920342051002,False,True,False,False,Normal status.
469.0,False,0.9036398242193432,,75.28271089241497,0.7121924891972086,-0.0077745717616172,98.00963861901498,0.0337390713617704,0.006729989675864,119.84137042108088,4.588264882025515,-0.0197295307390441,0.9036398242193432,0.0025129857103552747,0.992878075108028,0.9304112994859486,False,True,False,False,Normal status.
479.0,False,0.903248048655266,,75.05598637458287,0.5886635477404936,-0.0327891100314173,97.99599793109938,0.0324747829114283,0.0028008694271731,119.56946276913304,3.824015854973986,-0.0471748617735083,0.903248048655266,0.0006977601079897827,0.994113364522595,0.9305076434154647,False,True,False,False,Normal status.
489.0,False,0.9030183410713788,,75.0095349465697,0.7379771289903015,-0.0005646030064455,97.99621618573772,0.0342757063973087,-0.0087110609666093,119.71106634689131,4.25287648121311,0.0695285009570733,0.9030183410713788,0.00027394579373344013,0.992620228710097,0.9298989073629942,False,True,False,False,Normal status.
499.0,False,0.900381983777658,,74.98599472726391,0.6780290394176857,0.0191522683401646,97.9662084500442,0.0440558560561175,0.0025191965533622,120.16624890243574,4.062211640251511,0.1100616310794634,0.900381983777658,0.0025208220099683844,0.9932197096058232,0.9282333015261075,False,True,False,False,Normal status.
509.0,False,0.8991772826165926,,75.14106303354589,0.9575322883513484,-0.0265068728568043,97.95259442253364,0.0415082504584434,0.0023267304257803,120.72937452002132,3.678684708479155,0.0361721312118686,0.8991772826165926,0.007271045104943844,0.9904246771164865,0.9265515009665608,False,True,False,False,Normal status.
519.0,False,0.8975403093592502,,74.95477317592635,1.1007640883608956,-0.0272787124456706,97.96746070187764,0.0398035007079926,-0.0023673402989021,120.39566564124864,4.128960085311747,-0.0351061624690856,0.8975403093592502,0.0036052931123611394,0.988992359116391,0.9249759242863924,False,True,False,False,Normal status.
529.0,False,0.8969922787160024,,75.00868950609271,1.2365499862547848,0.0040981618074894,97.93229652519986,0.0307548837902112,-0.0023006382375062,120.28128620485728,3.7818133912559655,-0.0098820337104464,0.8969922787160024,0.004868844818450827,0.9876345001374521,0.9241849451424372,False,True,False,False,Normal status.
539.0,False,0.8965661544485922,,74.89363696019649,1.1442368966113012,-8.68819396516093e-05,97.95675330988064,0.0476928791108811,-0.0011768232624737,120.1889167539514,3.336192487600001,0.0466547923481903,0.8965661544485922,0.00310691827572505,0.9885576310338869,0.9241635974241806,False,True,False,False,Normal status.
549.0,False,0.8960280318282313,,74.87072864115686,1.093142304328064,-0.0352692667721574,98.00045030658552,0.045554164296899,0.0058331210835711,120.09941367572196,3.15210653654988,-0.0618949172919093,0.8960280318282313,0.0004970683786098107,0.9890685769567193,0.9239401953667776,False,True,False,False,Normal status.
559.0,False,0.8969297610000393,,74.64999407967213,1.0587500123163849,-0.005326242645995,98.07478586905752,0.0382722030331911,0.0039733841207169,119.7577443041522,3.4163345576535717,-0.055004857104168,0.8969297610000393,0.0,0.9894124998768361,0.9246745826630783,False,True,False,False,Normal status.
569.0,False,0.8976522921950405,,74.77512356616803,1.0608801686861518,0.0116481766155218,98.0871266312166,0.0221525018407114,-0.0014117635714597,119.68320619320856,3.8802635471306983,0.0354714337352546,0.8976522921950405,0.0,0.9893911983131385,0.9251739640304699,False,True,False,False,Normal status.
579.0,False,0.8975354678008187,,74.8488174397762,1.1089288936740498,0.0097104560035551,98.05911626966694,0.0211830280860572,-0.0045321516845698,119.98981093404018,2.924151739179881,0.0385446568056598,0.8975354678008187,0.0,0.9889107110632595,0.924948040779551,False,True,False,False,Normal status.
589.0,False,0.8973885569657372,,74.80997739558552,1.178974302973928,-0.0269469057971418,98.01652674391852,0.0203136989454228,-0.0001083944523938,120.116419293421,1.9453610661604492,-0.0096430285307165,0.8973885569657372,0.0005820964671050177,0.9882102569702608,0.9246350669670942,False,True,False,False,Normal status.
599.0,False,0.8974366518525478,,74.80565216220404,1.002113454193124,0.0086652584495194,97.98248207987704,0.0251672264251429,-0.0036543626258606,120.21169854280552,2.06452696547168,0.0205871599613133,0.8974366518525478,0.0019343887201753774,0.9899788654580688,0.9251993159342041,False,True,False,False,Normal status.
609.0,False,0.8971874941095543,,75.03505061652503,0.9919067420553772,0.0437679392688054,98.02468759560736,0.0422506047203202,0.0050780627801887,120.01417200415588,2.717341984075708,-0.022080249328108,0.8971874941095543,0.0003824210565574207,0.9900809325794462,0.9250555256505218,False,True,False,False,Normal status.
619.0,False,0.897935926291441,,75.2399750220736,0.7255276239391687,0.000361652883181,98.05439795563896,0.0421089663593627,0.0051016440702856,120.08237672867088,3.2587833830125263,-0.0383299238986909,0.897935926291441,0.0025449949506752352,0.9927447237606083,0.9263785655321912,False,True,False,False,Normal status.
629.0,False,0.8996759430499183,,75.22142577601738,0.5821159656955405,-0.0217019338722168,98.04495518301336,0.0356325075206633,-0.0100037594160122,119.69738835345969,2.8696468109485287,-0.0239075892671524,0.8996759430499183,0.0019682291201545215,0.9941788403430446,0.9280268122378561,False,True,False,False,Normal status.
639.0,False,0.9021369240039292,,75.10845331143496,0.6894912423219477,0.0052709310413057,97.99698131065038,0.0233351667524919,-0.0053884981990493,119.9661153979454,2.654355141858044,0.0084025198599392,0.9021369240039292,0.0011149639024582176,0.9931050875767805,0.9294273730757845,False,True,False,False,Normal status.
649.0,False,0.9034655812375032,,74.94575316673485,0.7036913058930688,-0.0132661951003023,97.93646506322187,0.020749961806032,0.0008005836902499,120.25339216534148,4.3646260480135215,0.0517702548594913,0.9034655812375032,0.004443707665613701,0.9929630869410693,0.930314832948573,False,True,False,False,Normal status.
659.0,False,0.9040807136698924,,74.740957714708,1.0423953595421218,-0.0336233590814694,97.97278034012916,0.0230725175541617,0.0010034839208775,120.64486682068394,3.6486373438909703,-0.0020100608655885,0.9040807136698924,0.004585317096961604,0.9895760464045787,0.9297293134902982,False,True,False,False,Normal status.
669.0,False,0.9040623211231568,,74.50114023025473,1.048338968148833,-0.0172461736358637,97.94432750999704,0.0274567988438209,-0.0011879441206335,120.68559621057544,3.6335914572020895,-0.0195034945016101,0.9040623211231568,0.006211605553025308,0.9895166103185117,0.9296986078817632,False,True,False,False,Normal status.
679.0,False,0.8807321191178743,,74.65212119162801,1.5223388141319971,0.0220242611806719,97.95894089958266,0.0281197564920727,-0.0029467832796433,120.1036197626218,2.6000839871337216,-0.0620296945458177,0.8807321191178743,0.0025710538339761514,0.98477661185868,0.9119454669401159,False,True,False,False,Normal status.
689.0,False,0.8080264069878837,,74.73288951934697,1.359235805776647,-0.0006924781593765,97.94024484304173,0.0336317889760951,0.0024100434778337,119.481776229443,3.2119436768710665,-0.0909572281857807,0.8080264069878837,0.0029877578479137416,0.9864076419422335,0.8615407774741886,False,True,False,False,Normal status.
699.0,False,0.7044362677553997,,75.10036617844818,1.0465724506230023,0.0211766628570507,97.9747340162065,0.0455004193119401,0.0010485278582361,119.26518348555926,2.936750677367995,0.0166342541241919,0.7044362677553997,0.002155442998103436,0.9895342754937699,0.7899656700769107,False,True,False,False,Normal status.
709.0,False,0.6234184980900588,,79.84367834778169,48.94018511539768,0.6843943073209293,95.02940353802414,18.089821880094146,-0.3944355812329385,119.20487600665454,2.825970433089942,-0.0102710479897221,0.6234184980900588,0.22990169009488956,0.5105981488460232,0.5895723933168481,False,False,False,False,Normal status.
719.0,True,0.5913244567007138,Declining SpO2 trend,86.14957072920488,63.02008727648612,0.8291044985006476,92.12965719829693,19.12019566837764,-0.4030272366671492,119.68067578418552,3.4289775275482044,0.0018553754905479,0.5913244567007138,0.4711493225470365,0.5,0.5639271196904996,False,False,False,False,Normal status.
729.0,False,0.590909372100633,,86.52323008003606,60.57712754544595,-0.5628914113102423,91.92677703512594,17.65016644157806,0.3685302685254255,119.93752762340984,4.175631223439423,0.0928581960005238,0.590909372100633,0.4060898600662459,0.5,0.5636365604704431,False,False,False,False,Normal status.
739.0,False,0.6132485037985376,,81.65747439338996,77.3535564377951,-0.8689313634223734,94.92761412150897,18.242607508335464,0.3944003205008969,120.48861358354564,4.167430504903548,0.036402944709021,0.6132485037985376,0.21523991200574621,0.5,0.5792739526589763,False,False,False,False,Normal status.
749.0,False,0.6830846799547747,,75.38331581145164,6.726269989609723,-0.1152451099974476,97.8097844467959,0.9743743521167936,0.037028361058949,120.27736488830456,3.8569857475427294,-0.0393454943822947,0.6830846799547747,0.014304853759075593,0.9327373001039028,0.7579804659995131,False,True,False,False,Normal status.
759.0,False,0.7822915201601155,,74.99456797766076,0.9686283460801284,0.0358184285798123,98.01617569714676,0.0472966389397828,-0.0055027926760036,120.0806075068396,3.423959679133133,-0.0128458263553829,0.7822915201601155,0.0004836450410375903,0.9903137165391988,0.8446981790738405,False,True,False,False,Normal status.
769.0,False,0.8588381794534281,,75.17437358046527,1.026911790734806,0.0185263349441665,97.94627517251024,0.0316629244232227,-0.0020019084420037,119.7405953252175,2.7462807030402745,0.0090477853902593,0.8588381794534281,0.004236228756401488,0.9897308820926519,0.8981059902451951,False,True,False,False,Normal status.
779.0,False,0.8893769363977193,,75.03093705128215,1.096923932470902,-0.0630410980675477,98.01997930722084,0.0383009594400139,0.0032564159387131,119.83298875599677,3.77890735025475,0.0004369043107928,0.8893769363977193,0.00027499601139690334,0.9890307606752909,0.9192730836809907,False,True,False,False,Normal status.
789.0,False,0.89098863748882,,74.85126685563827,1.0541306820904508,-0.0096733390595642,98.03488323059383,0.0388441376390068,0.004378001851479,119.57788015255724,4.936238050512226,-0.0146673154991098,0.89098863748882,0.0,0.9894586931790955,0.9205296541959025,False,True,False,False,Normal status.
799.0,False,0.8927134450782581,,74.72229673245162,0.8001273033924788,0.0302460774832476,98.0644215051808,0.0273675481916348,-0.0065803082267617,120.00823576000596,5.272390334401779,0.0384233938951207,0.8927134450782581,4.941456003575695e-05,0.9919987269660752,0.9224990296446032,False,True,False,False,Normal status.
809.0,False,0.8941951155929407,,74.97182605350704,0.9192822042331504,0.0076345845506085,98.01835769931002,0.0273772561754049,-0.0042347134977245,120.0750710491114,3.765502106095156,0.0214723223699492,0.8941951155929407,0.0003753552455570031,0.9908071779576685,0.923178734302359,False,True,False,False,Normal status.
819.0,False,0.8968755545684212,,74.92680584711924,0.8182180237767647,0.000894730867736,98.02949296790004,0.0394211891260185,0.0038696956325825,120.3050587786074,2.361710020456312,-0.0454630550551186,0.8968755545684212,0.0015252938930370163,0.9918178197622324,0.9253582341265645,False,True,False,False,Normal status.
829.0,False,0.8992250955532374,,74.94106886217871,1.0396787607104887,0.0032641490408473,98.04260074894208,0.0478809945149539,0.000942211534708,119.92588791023054,2.21582701208193,-0.014527824748716,0.8992250955532374,0.0,0.9896032123928951,0.9263385306051346,False,True,False,False,Normal status.
839.0,False,0.8989716294169086,,75.12020082048957,1.0790498716331227,0.030733744659782,98.0580073173614,0.0552568226202354,-0.0034655160192973,120.06335434959354,3.6020650573160613,0.0320481375292216,0.8989716294169086,0.0013852234856527761,0.9892095012836688,0.9260429909769365,False,True,False,False,Normal status.
849.0,False,0.8959953042270552,,75.09148849200076,1.0205761134588875,-0.0077992431655345,98.00718053541944,0.0574829237729833,-0.0071252033808519,119.88007730502176,3.4597262518117784,0.0021703512787828,0.8959953042270552,0.0008132310400067884,0.9897942388654111,0.924134984618562,False,True,False,False,Normal status.
859.0,False,0.8948320550489071,,75.10498519700238,0.7864076859504571,-0.0329343512999709,98.04416123121642,0.0596864641947635,0.0041590712234272,120.066598862518,4.976955889935289,-0.0032022765393084,0.8948320550489071,0.001266196063722281,0.9921359231404955,0.9240232154763836,False,True,False,False,Normal status.
869.0,False,0.8967835596972947,,74.94888381421751,0.4906172991817196,0.0174454937154942,98.0261284651712,0.0578395291460692,0.0007935761410683,119.519086721343,4.763379527509231,-0.0578310925138648,0.8967835596972947,0.0,0.9950938270081828,0.9262766398905611,False,True,False,False,Normal status.
879.0,False,0.898750220605168,,75.13828114863443,0.5022791852278552,0.0202956472672214,98.05937883401458,0.0428320466599844,-0.0058979274940339,119.74055926812544,6.073778209389544,-0.0206819618523005,0.898750220605168,0.0014749989187672933,0.9949772081477215,0.927618316867934,False,True,False,False,Normal status.
889.0,False,0.9007185997857582,,75.24536368745267,0.8353206456072246,0.0065053443691158,98.01526175958368,0.037649225630139,5.622096580509859e-06,119.75599347033476,4.2338976217320505,0.0786580340097691,0.9007185997857582,0.002181010555134814,0.9916467935439277,0.927997057913209,False,True,False,False,Normal status.
899.0,False,0.9013212395566372,,75.26954700096982,0.7613216129738517,-0.0039865367038505,98.0147409166801,0.0288529288706321,-0.0040359668069472,120.29460108842414,3.195195804809212,0.0206120755039724,0.9013212395566372,0.003868978784074702,0.9923867838702615,0.9286409028507245,False,True,False,False,Normal status.
909.0,False,0.9030598909166244,,75.12666083126201,0.7203282626940749,-0.0178787162469576,97.99919545876332,0.046324978076312,-0.0041708308697745,120.88662138169366,3.119302263388939,0.0665513942235399,0.9030598909166244,0.0055992080259644195,0.9927967173730593,0.9299809388535548,False,True,False,False,Normal status.
919.0,False,0.903938757798628,,75.4023599144541,0.8187909208292583,0.0338017331392338,97.94151286431762,0.0508474543776231,-0.0093006863680341,120.99717244634115,3.446367018591752,0.010863299091548,0.903938757798628,0.013784101906500305,0.9918120907917074,0.9303007576965518,False,True,False,False,Normal status.
929.0,False,0.9041359720176204,,75.77920128247466,1.2234151513228553,0.0543911747814231,97.83617339758412,0.0745112658243647,-0.0173145302378313,121.80711036934755,4.046572928115751,0.0595258968301223,0.9041359720176204,0.028983738707434554,0.9877658484867714,0.9292249349583657,False,True,False,False,Normal status.
939.0,False,0.903780253122802,,76.59651337297925,1.3735598331558907,0.0511454850997085,97.7034151232094,0.052413022150532,-0.012227399266251,121.45716633672946,3.3863753525080336,0.0329492354984507,0.903780253122802,0.043567566606258275,0.9862644016684411,0.9285254976864937,False,True,False,False,Normal status.
949.0,False,0.9025677630418816,,77.13962204761827,1.2118056217880395,0.0675464908635172,97.5400804852017,0.0542859327231251,-0.0142089317944859,121.92761053060208,4.681666597036353,-0.0166050591201706,0.9025677630418816,0.06198346924610548,0.9878819437821196,0.928162017263953,False,True,False,False,Normal status.
959.0,False,0.9031499531937074,,77.8296893093027,0.9859158177018428,0.0536418247876783,97.4005644645684,0.053129344302087,-0.016239739688537,121.89546449526075,4.8423135744330885,0.082761225790896,0.9031499531937074,0.07752227173002234,0.9901408418229816,0.9292472197824897,False,True,False,False,Normal status.
969.0,False,0.9042139683352513,,78.48732515323387,1.036941419080457,0.0831818499895278,97.24393332508436,0.0467296112818079,-0.0092430465310801,122.64771780998564,5.257367295563152,0.0305909985382205,0.9042139683352513,0.0984484423226804,0.9896305858091954,0.9298389535774345,False,True,False,False,Normal status.
979.0,False,0.904995247919479,,79.19370088685591,1.3653395854449666,0.0804696073276639,97.1334193491663,0.0581098582199264,-0.0100406306809898,122.90828486376664,3.7213219653297895,0.0055976771499672,0.904995247919479,0.11417735769241799,0.9863466041455503,0.9294006547873004,False,True,False,False,Normal status.
989.0,False,0.9054758527949968,,79.92324811277093,1.162420519016323,0.0671774940188862,97.02738596728436,0.0520699517846479,-0.0088042061055877,123.22103079517628,4.13208151315659,0.0395493106202964,0.9054758527949968,0.13019767327021936,0.9883757948098367,0.9303458353994487,False,True,False,False,Normal status.
999.0,False,0.9065340446467663,,80.66829173772203,1.3535497413308224,0.0809681439762343,96.88622439915687,0.0560164079344423,-0.0165369522537868,123.8247112439601,4.484432833820192,0.1216152255267386,0.9065340446467663,0.15023658205004983,0.9864645025866918,0.9305131820287439,False,True,False,False,Normal status.
1009.0,False,0.910090364910932,,81.21846866793462,0.6018200441033029,0.043553176574147,96.67500422527532,0.0700637444531733,-0.0262177414694978,124.53747450398988,3.616193726028699,0.0821291075287723,0.910090364910932,0.17305492596538957,0.9939817995589669,0.9352577953053424,False,True,False,False,Normal status.
1019.0,False,0.9118591401261036,,81.93780856333352,0.822856155457958,0.0575654989619683,96.53759412780155,0.0394694890888706,-0.0080245445257861,125.49499409171035,3.0142215420405014,0.0871004201843461,0.9118591401261036,0.19471760822439302,0.9917714384454204,0.9358328296218985,False,True,False,False,Normal status.
1029.0,False,0.9120005234594284,,82.48454889602944,1.0995834956493016,0.0822331932626128,96.39669849728324,0.0405688714363713,-0.0046374737296259,125.84250239460452,2.877585089362727,0.0484902466758072,0.9120005234594284,0.17590691062912234,0.989004165043507,0.9351016159346519,False,True,False,False,Normal status.
1039.0,False,0.9081945952471506,,83.3791102338208,1.2243952105797076,0.0730006632595144,96.30734614675562,0.0651227629244281,-0.0167506995726219,126.59223172984444,3.600297823587455,0.0419582978669105,0.9081945952471506,0.23048979740115128,0.9877560478942029,0.9320630310412663,False,True,False,False,Normal status.
1049.0,False,0.904716599348752,,84.09629847370807,1.2367081501088248,0.0775465934385523,96.18099188224004,0.0420130329739492,-0.0067776134189775,126.1872065662828,3.274571460017279,-0.0303716412902073,0.904716599348752,0.2432909101828474,0.9876329184989118,0.9295914950937998,False,True,False,False,Normal status.
1059.0,False,0.9010999471342204,,84.87171403193886,1.257039049136392,0.0653909031674148,96.04970390081108,0.0529362725065727,-0.0108242456460751,126.6448893629056,3.46120283707787,-0.0034734052678405,0.9010999471342204,0.2621853851361166,0.9874296095086361,0.926998845846545,False,True,False,False,Normal status.
1069.0,False,0.8990012586235905,,85.43631307542452,1.0630089984620636,0.0510295685401064,95.92621138638874,0.0698559197913457,-0.0181143185310038,126.73333399120962,3.834907080113032,0.0902168045325767,0.8990012586235905,0.27614799356846137,0.9893699100153793,0.9261118540411271,False,True,False,False,Normal status.
1079.0,False,0.8980349909854279,,86.02663533558257,1.072854233587095,0.0494234134143184,95.80669392552905,0.0426804006343381,-0.0051432437811344,128.05080806859684,4.030150157233328,0.0834453316647216,0.8980349909854279,0.29752065645938564,0.989271457664129,0.9254059309890383,False,True,False,False,Normal status.
1089.0,False,0.8996973928269392,,86.3264146286514,1.0480613429893866,0.0306144398582267,95.7082037480818,0.0379189159112242,-0.0079930890588238,128.53962721077843,4.600858705688997,0.0648965872998396,0.8996973928269392,0.3095606277520443,0.9895193865701062,0.9266439909498893,False,True,False,False,Normal status.
1099.0,False,0.9047189667369916,,87.14013858973604,1.732737285674531,0.0711666337258684,95.58609546043624,0.0509737742317267,-0.018011791186036,129.2428658790646,2.8200942316566344,0.0285375788901406,0.9047189667369916,0.3297862792720642,0.9826726271432547,0.9281050648588705,False,True,False,False,Normal status.
1109.0,False,0.9078960137754576,,87.71309167117697,1.9484602806409383,0.0815599320032405,95.46285826695498,0.0365139742491793,-0.0089345190573903,129.69546420083185,3.4129621162060806,0.089356232083386,0.9078960137754576,0.3460076003469132,0.9805153971935906,0.9296818288008974,False,True,False,False,Normal status.
1119.0,False,0.9078986130286132,,88.68537806761348,1.190579291508652,0.043532659314298,95.33251855428794,0.050549929115822,-0.0123567243030662,130.2882162784755,2.4375650967752507,0.059921717134421,0.9078986130286132,0.3677555504681202,0.9880942070849135,0.9319572912455032,False,True,False,False,Normal status.
1129.0,False,0.903310045183598,,89.32685045065816,1.479608856948655,0.0867801410534084,95.20072495030726,0.0728530626163889,-0.0233280027882654,131.05372432220136,4.980160983817056,0.089853463349128,0.903310045183598,0.3870985870551262,0.9852039114305134,0.9278782050576726,False,True,False,False,Normal status.
1139.0,False,0.8991986896887761,,90.17383444706454,1.3668675065410327,0.0830065430881617,95.01213648084828,0.0753663577284732,-0.0197417031738025,131.6759253178733,6.394489994995237,0.1173977939364751,0.8991986896887761,0.41118159715836444,0.9863313249345896,0.9253384802625201,False,True,False,False,Normal status.
1149.0,True,0.8944882290367401,Declining SpO2 trend,90.87716053992348,1.0395839257776145,0.0608830244048841,94.87748379257076,0.0437143253764736,-0.0108935299138447,132.33789654712206,6.061633923090904,0.04186210133504,0.8944882290367401,0.43073473082100405,0.9896041607422239,0.9230230085483851,False,True,False,False,Normal status.
1159.0,True,0.8912345528390503,Declining SpO2 trend,91.50942713959851,1.2331250341226538,0.0643510963365147,94.7361225239516,0.0448132129954594,-0.0122795901060549,132.28666381173588,4.246663501630548,-0.0380546673836649,0.8912345528390503,0.4456531875890372,0.9876687496587735,0.9201648118849672,False,True,False,False,Normal status.
1169.0,True,0.8897325518171425,Declining SpO2 trend,92.15951119862214,1.1593681485591438,0.0677530092761384,94.62930853602474,0.0451606692958288,-0.0125292052720765,132.20241290600543,3.0203594501857185,-0.0198831111263656,0.8897325518171425,0.4584907513931845,0.9884063185144085,0.9193346818263224,False,True,False,False,Normal status.
1179.0,False,0.8709272158057129,,92.91579185936014,1.3354323221640705,0.0764724003576977,94.49591664937527,0.0354877809232406,-0.0066856314424683,132.51923051987802,3.4223823070454182,0.0608192485771017,0.8709272158057129,0.47646216398992647,0.9866456767783593,0.9056427540975067,False,True,False,False,Normal status.
1189.0,True,0.8049611441959107,Declining SpO2 trend,93.45869293617211,0.9789623716038808,0.0470760968829165,94.3762450611835,0.0532371441051499,-0.0143485533953111,133.46417956675154,6.416765675070763,0.1015847967295349,0.8049611441959107,0.49510309838200195,0.9902103762839612,0.8605359138223259,False,True,False,False,Normal status.
1199.0,True,0.6932246751023695,Declining SpO2 trend,93.96367493509152,0.8851828794410995,0.0406292444182186,94.23238207864976,0.037963310738794,-0.0139381834739587,133.9278779891177,6.091339913437579,0.0026905630661538,0.6932246751023695,0.5119035425233632,0.991148171205589,0.7826017239333354,False,True,False,False,Normal status.
1209.0,True,0.5672559667105123,Declining SpO2 trend,99.69240646501598,66.28549681491062,0.7763138655153385,92.63690065510106,6.455719642369328,-0.2357480548338633,134.7677077223618,6.261503252792803,0.0813417155837872,0.5672559667105123,0.6737778759882778,0.5,0.5470791766973585,True,False,False,False,SUPPRESSED: High risk (0.67) but low confidence (0.55) due to motion/artifacts.
1219.0,True,0.486973547098153,Rising HR trend; Declining SpO2 trend,105.1914353680028,63.71247249927139,0.6994727523029373,89.90966702022288,12.74975425242285,-0.3887303828519139,135.1918037155666,4.807040270472708,0.0921913633058979,0.486973547098153,0.8931927995520963,0.5,0.49088148296870704,True,False,True,False,SUPPRESSED: High risk (0.89) but low confidence (0.49) due to motion/artifacts.
1229.0,True,0.4504225872643193,Declining SpO2 trend,110.9315856924592,5.821851562285622,0.0136508991430034,87.30855300926368,4.528073920832914,-0.1762015017057508,136.338146258206,4.182328875025992,0.0263316390969028,0.4504225872643193,0.8010826041128896,0.9417814843771438,0.5978302563981666,True,False,True,False,SUPPRESSED: High risk (0.80) but low confidence (0.60) due to motion/artifacts.
1239.0,False,0.4685926016037958,,107.17797878718083,35.80324070690786,-0.5204013861165772,88.2500128391911,10.669750212078862,0.3052380086615072,136.51113998228556,4.115781972847813,0.0003477475211652,0.4685926016037958,0.7685821780197019,0.6419675929309214,0.5206050990019334,True,False,True,False,SUPPRESSED: High risk (0.77) but low confidence (0.52) due to motion/artifacts.
1249.0,False,0.5369264827771213,,103.07999992256076,41.8640299070963,-0.6334869646332469,90.68868290138384,11.732386421973324,0.3333905061458624,137.3987772131395,3.504478992526536,0.0496357311344784,0.5369264827771213,0.7021597403081568,0.581359700929037,0.5502564482226959,True,False,True,False,SUPPRESSED: High risk (0.70) but low confidence (0.55) due to motion/artifacts.
1259.0,False,0.6519320544068546,,98.87068678700044,5.36902941971661,-0.0527855946693875,93.03075582300248,2.096220321951495,0.0580967776793862,137.7387705570437,2.9660813288919927,0.0726031467452278,0.6519320544068546,0.5493399441862095,0.9463097058028339,0.7402453498256484,False,True,False,False,Normal status.
1269.0,False,0.7784470236952491,,98.6950692492465,1.1722165471620194,0.0598134578127625,93.28204233923525,0.052880559470782,-0.0078093792149831,138.2936163701603,3.910588597390523,0.0084545762656567,0.7784470236952491,0.645586563192143,0.9882778345283798,0.8413962669451882,True,True,False,False,WAITING: Risk threshold breached but awaiting trend persistence.
1279.0,True,0.857663742235358,Declining SpO2 trend,99.43550318488296,1.245805794538936,0.0576019800319406,93.18058700905652,0.0620658746072692,-0.0145594912744792,138.22419431358503,4.699912274525798,0.0315443256393901,0.857663742235358,0.6591553126435371,0.9875419420546107,0.8966272021811338,True,True,True,True,CRITICAL: High risk (0.66) with stable sensor (0.90). Declining SpO2 trend
1289.0,True,0.8919920302944602,Rising HR trend; Declining SpO2 trend,100.0098648505364,1.0302290506337264,0.0649999716977641,93.05705251315425,0.0628882236345974,-0.0138625184663738,138.42917684185156,4.8135971495230985,0.0333814979727942,0.8919920302944602,0.6739238020009094,0.9896977094936628,0.921303734054221,True,True,True,True,CRITICAL: High risk (0.67) with stable sensor (0.92). Rising HR trend; Declining SpO2 trend
1299.0,True,0.8934330398174766,Declining SpO2 trend,100.68943840819432,0.7102611621331821,0.0391832595671858,92.86843222155888,0.073722533985549,-0.0213283532436536,138.9827392451472,4.158434026429992,0.0648221624335261,0.8934330398174766,0.6958111785314234,0.9928973883786681,0.9232723443858339,True,True,True,True,CRITICAL: High risk (0.70) with stable sensor (0.92). Declining SpO2 trend
1309.0,True,0.8934266365743512,Rising HR trend; Declining SpO2 trend,101.24421259044313,0.8399242872168834,0.0598862349381742,92.71569907025652,0.062579580226893,-0.0189876380325274,139.0332341924145,5.5448668927321885,-0.0068221783927719,0.8934266365743512,0.7111957285704892,0.9916007571278311,0.9228788727403952,True,True,True,True,CRITICAL: High risk (0.71) with stable sensor (0.92). Rising HR trend; Declining SpO2 trend
1319.0,True,0.8919542255987537,Rising HR trend,101.89032200713032,1.0720059479091784,0.0785364433449389,92.603612831431,0.0310152269324794,-0.003813117351546,139.54376566329867,6.021622609333195,0.0196825156694613,0.8919542255987537,0.6065632712527689,0.9892799405209082,0.9211519400754,True,True,True,True,CRITICAL: High risk (0.61) with stable sensor (0.92). Rising HR trend
1329.0,True,0.8931670139795282,Rising HR trend; Declining SpO2 trend; Rising Systolic BP,102.70058630591612,1.1181089223646687,0.0922853812921574,92.51981880061176,0.0443849102124766,-0.0124814783365678,140.07924237296396,7.420137514731475,0.1282980076517796,0.8931670139795282,0.7447592467975168,0.9888189107763533,0.9218625830185756,True,True,True,True,CRITICAL: High risk (0.74) with stable sensor (0.92). Rising HR trend; Declining SpO2 trend; Rising Systolic BP
1339.0,True,0.8967848875987634,Rising HR trend; Declining SpO2 trend,103.4702595898559,1.1918401143627897,0.079153714081469,92.40084481770802,0.064459097206457,-0.0198873010795395,141.08509711086924,4.787521631774399,0.0685009085098318,0.8967848875987634,0.766142662561197,0.9880815988563721,0.924173900976046,True,True,True,True,CRITICAL: High risk (0.77) with stable sensor (0.92). Rising HR trend; Declining SpO2 trend
1349.0,True,0.90233247154437,Rising HR trend; Declining SpO2 trend,104.1344660818488,1.002924488071187,0.0523759025254412,92.21811526192158,0.0521008821297205,-0.015131910383218,141.9074690700716,5.412957560544038,0.0674149631969376,0.90233247154437,0.789125536911522,0.9899707551192881,0.9286239566168455,True,True,True,True,CRITICAL: High risk (0.79) with stable sensor (0.93). Rising HR trend; Declining SpO2 trend
1359.0,True,0.9072835626047104,Declining SpO2 trend,104.5654040738174,0.9765139482769176,0.0337455075831146,92.07821026425084,0.0437749862109651,-0.0144933564309529,142.21110436446534,5.245876381203741,0.0723746873827959,0.9072835626047104,0.8039383204524605,0.9902348605172309,0.9321689519784666,True,True,True,True,CRITICAL: High risk (0.80) with stable sensor (0.93). Declining SpO2 trend
1369.0,True,0.9109799075299904,Declining SpO2 trend,105.01686607382253,1.5078710990344064,0.0389533799870931,91.95380092169616,0.0414275806761074,-0.0121739841315573,142.46500237011162,5.712269476879687,0.0092043653948107,0.9109799075299904,0.8177418637063406,0.9849212890096559,0.93316232197389,True,True,True,True,CRITICAL: High risk (0.82) with stable sensor (0.93). Declining SpO2 trend
1379.0,True,0.9144615739862284,Rising HR trend; Declining SpO2 trend,105.73067696465549,2.198020705992038,0.0931772935529369,91.84931712601283,0.0319709151211921,-0.0114221592658967,142.70637171368486,4.287796263186482,0.0708916338696533,0.9144615739862284,0.833073090344331,0.9780197929400796,0.9335290396723837,True,True,True,True,CRITICAL: High risk (0.83) with stable sensor (0.93). Rising HR trend; Declining SpO2 trend
1389.0,True,0.9154681742757464,Rising HR trend; Declining SpO2 trend; Rising Systolic BP,106.55992431789632,2.288708007833134,0.0943584459666473,91.71418648233984,0.0510725149858379,-0.0144510753200767,143.24410559349914,3.8465248754849855,0.1001357357659841,0.9154681742757464,0.8532526373448317,0.9771129199216687,0.933961597969523,True,True,True,True,CRITICAL: High risk (0.85) with stable sensor (0.93). Rising HR trend; Declining SpO2 trend; Rising Systolic BP
1399.0,True,0.9137429201330156,Declining SpO2 trend,107.21753986144547,1.2676294273107365,0.0486400268266785,91.53748888786129,0.0649669512628236,-0.0194788213835182,144.07418271513023,2.973805550825404,0.0804874575916533,0.9137429201330156,0.8758495215411893,0.9873237057268927,0.9358171558111787,True,True,True,True,CRITICAL: High risk (0.88) with stable sensor (0.94). Declining SpO2 trend
1409.0,True,0.909875161820862,Rising HR trend; Declining SpO2 trend,107.77621721517318,1.36322742113058,0.0567134969475363,91.3894366798903,0.0474843075596561,-0.0102437239751432,144.33027725361566,4.50421650594343,0.0109992643364077,0.909875161820862,0.8922284463567903,0.9863677257886942,0.9328229310112116,True,True,True,True,CRITICAL: High risk (0.89) with stable sensor (0.93). Rising HR trend; Declining SpO2 trend
1419.0,True,0.9046438647579984,Rising HR trend; Declining SpO2 trend,108.4056502579078,1.5442814558370677,0.0940059475944183,91.22182297116744,0.0423357137567413,-0.012965607790954,144.79367351626206,4.95348258300188,0.0023794195124066,0.9046438647579984,0.9117795989118758,0.9845571854416293,0.9286178609630875,True,True,True,True,CRITICAL: High risk (0.91) with stable sensor (0.93). Rising HR trend; Declining SpO2 trend
1429.0,True,0.9021350963210072,Rising HR trend; Declining SpO2 trend,109.21032338839164,1.7477810525387698,0.0841130015811624,91.1122934666639,0.0483477410918856,-0.0149073515896495,145.41514007082597,5.579446065666346,0.0802153686444466,0.9021350963210072,0.9306633485679661,0.9825221894746123,0.9262512242670886,True,True,True,True,CRITICAL: High risk (0.93) with stable sensor (0.93). Rising HR trend; Declining SpO2 trend
1439.0,True,0.9005382227145898,Rising HR trend; Declining SpO2 trend,109.96963704894416,1.6972656448675956,0.0857306704805451,90.93724490499254,0.049454987393331,-0.0136626860014223,146.5941050992372,4.606443773105777,0.0981926355426726,0.9005382227145898,0.9563393981512753,0.983027343551324,0.92528495896561,True,True,True,True,CRITICAL: High risk (0.96) with stable sensor (0.93). Rising HR trend; Declining SpO2 trend
1449.0,True,0.9007474091616784,Rising HR trend; Declining SpO2 trend,110.62718038465384,1.855595149600032,0.0775370813525947,90.8019685915466,0.0653404194757938,-0.0178512940957587,146.82955066335523,4.787431787184585,-0.010964371889396,0.9007474091616784,0.9728824459236433,0.9814440485039997,0.9249564009643747,True,True,True,True,CRITICAL: High risk (0.97) with stable sensor (0.92). Rising HR trend; Declining SpO2 trend
1459.0,True,0.9000789921943224,Rising HR trend,111.35166846423772,1.5311044420070494,0.0799022447542445,90.69987477141484,0.0339061957137837,-0.0058035568761555,146.89024469077177,4.9869848371715415,-0.0220050708678933,0.9000789921943224,0.9871001121449425,0.9846889555799295,0.9254619812100044,True,True,True,True,CRITICAL: High risk (0.99) with stable sensor (0.93). Rising HR trend
1469.0,True,0.8990603063665451,Rising HR trend,112.08869640452376,1.7933375114901795,0.0900566179674124,90.6281868906077,0.0264039854541398,-0.0050331957006016,147.01557391799173,4.913153638103439,0.0957553229424427,0.8990603063665451,1.0,0.9820666248850982,0.923962201922111,True,True,True,True,CRITICAL: High risk (1.00) with stable sensor (0.92). Rising HR trend
1479.0,True,0.8982927152144146,Rising HR trend; Declining SpO2 trend,112.6886860235523,1.4376695199605054,0.0570218511761664,90.53632176383108,0.0463268626034444,-0.0171550515931715,147.6626920508223,4.027955860293949,0.0604110026420586,0.8982927152144146,1.0,0.985623304800395,0.9244918920902087,True,True,True,True,CRITICAL: High risk (1.00) with stable sensor (0.92). Rising HR trend; Declining SpO2 trend
1489.0,True,0.89864439168728,Rising HR trend; Declining SpO2 trend,113.56909476577653,1.6816125768880852,0.0856784634029652,90.3591816427828,0.0637556066900541,-0.0212815397756112,148.37301703938655,3.404550643179045,0.0441739238459185,0.89864439168728,1.0,0.9831838742311192,0.9240062364504318,True,True,True,True,CRITICAL: High risk (1.00) with stable sensor (0.92). Rising HR trend; Declining SpO2 trend
1499.0,True,0.8990742782510893,Rising HR trend; Declining SpO2 trend,114.08951599446664,1.340544475934873,0.0714716095944409,90.22083530160111,0.0564051500428376,-0.0129140685681318,148.8655241125639,4.060962992575375,0.0701945513872039,0.8990742782510893,1.0,0.9865945552406513,0.925330361347958,True,True,True,True,CRITICAL: High risk (1.00) with stable sensor (0.93). Rising HR trend; Declining SpO2 trend
1509.0,False,0.8974766459385911,,102.80421335450696,326.33553476173773,-1.6555484302992407,92.50026258353874,12.8405590054336,0.3273660592480584,140.48414536884405,185.98253576930588,-1.2106674297950837,0.8974766459385911,0.6245561608184562,0.5,0.7782336521570138,True,True,True,True,CRITICAL: High risk (0.62) with stable sensor (0.78). nan
1519.0,False,0.8954016045663366,,89.68736010028593,357.8371987911317,-1.8167545641579967,95.121154087767,14.27518824357463,0.3650252435785226,130.87798102902133,207.9721058306766,-1.3572634920956217,0.8954016045663366,0.3288865127592985,0.5,0.7767811231964356,False,True,False,False,Normal status.
1529.0,False,0.8950855568764228,,76.56554010269733,51.2138324551494,-0.2525459258202425,97.76462502606988,1.9621907848561613,0.0552682152202077,121.25220841919018,32.75874173567827,-0.1331441663499303,0.8950855568764228,0.03194570281643319,0.5,0.7765598898134959,False,True,False,False,Normal status.
1539.0,False,0.897405453402066,,75.02484586966334,1.0647939060768663,-0.0280056470854324,98.05063969380257,0.0293322308572007,0.0021575143561339,120.16995691086586,2.9771237618579893,-0.0012436148886763,0.897405453402066,0.001070636729114543,0.9893520609392313,0.9249894356632156,False,True,False,False,Normal status.
1549.0,False,0.8976859025867477,,74.8898559576194,1.0597996319915273,-0.0039345377208591,97.99873052912612,0.0457861399047031,-0.0110398254460843,120.5395016451135,3.831314340936773,0.0250196242570717,0.8976859025867477,0.002760981769261477,0.9894020036800847,0.9252007329147488,False,True,False,False,Normal status.
1559.0,False,0.8970858690408487,,74.87779337300246,1.1560664710647233,0.0155089759888853,97.9918389196976,0.0419577069487755,-0.0007705281501987,119.88803019371676,4.467609419100459,-0.0470509901416519,0.8970858690408487,0.0004080540151200296,0.9884393352893528,0.9244919089153999,False,True,False,False,Normal status.
1569.0,False,0.8971059738209399,,75.04379239103741,1.181109847003517,-0.0069403075912245,97.99183980197016,0.0622859900842012,0.0056353084784588,119.61212717918688,5.215848924791721,-0.1086084930158798,0.8971059738209399,0.0007972755996024243,0.9881889015299649,0.9244308521336473,False,True,False,False,Normal status.
1579.0,False,0.8981579008126136,,74.75485862453527,1.1654580810735036,-0.0466360920345223,98.0155934713414,0.0556420229402382,-0.0060716068182797,119.58695854280158,4.661959182724656,0.1035114438941425,0.8981579008126136,0.0,0.988345419189265,0.925214156325609,False,True,False,False,Normal status.
1589.0,False,0.8975584114890374,,74.81916384191304,1.3290160499301444,0.007993480509081,98.01116352329548,0.0523910650867789,-0.0009823803748941,120.3435345618628,5.0788586459130345,0.0814271484601836,0.8975584114890374,0.0017176728093139814,0.9867098395006986,0.9243038398925356,False,True,False,False,Normal status.
1599.0,False,0.8952038590898928,,74.78580242067963,1.4620046228643375,0.0466395243888503,97.9668068782225,0.0371395392448571,0.0009219151861203,120.57758852723768,3.788749892839597,-0.0958554968626178,0.8952038590898928,0.004547598725063438,0.9853799537713567,0.9222566874943319,False,True,False,False,Normal status.
1609.0,False,0.8927031992180458,,74.8719287401363,1.3300100174716534,-0.0304639942707475,97.94590802382736,0.0353822342175368,-0.0073070105364493,120.32526113107764,3.7198766342323615,-0.0438363994650457,0.8927031992180458,0.004330904464020336,0.9866998998252835,0.920902209400217,False,True,False,False,Normal status.
1619.0,False,0.8905051870404741,,74.90804918122349,1.3213019707187024,0.0407430741493972,97.94082962315774,0.0308649812974079,0.004936501009524,120.16462755671128,3.378055005363031,0.0491981417251528,0.8905051870404741,0.0037816566256694273,0.986786980292813,0.9193897250161758,False,True,False,False,Normal status.
1629.0,False,0.8884609677167364,,74.74438823852277,1.0316762178786878,0.0174531433858101,97.96627527941423,0.0333677664287929,0.0048191451932862,120.45091798584528,3.4231491938630274,0.0124483228920815,0.8884609677167364,0.003940825958514722,0.9896832378212131,0.9188276487480794,False,True,False,False,Normal status.
1639.0,False,0.8875422646194725,,74.8398067440863,1.2098767571684996,-0.028385258485891,98.03150380077224,0.0424468649955011,-0.000437823608625,120.37252024546,3.237029057675044,-0.0109244700744805,0.8875422646194725,0.001862601227299976,0.987901232428315,0.9176499549621251,False,True,False,False,Normal status.
1649.0,False,0.888126419245656,,74.79449951106434,0.9367009830455691,0.0313539697060398,97.97316242481064,0.0497195561850747,-0.0087652975633926,120.13395126970228,2.991611365434308,-0.0276688817160648,0.888126419245656,0.0024139621295753673,0.9906329901695443,0.9188783905228225,False,True,False,False,Normal status.
1659.0,False,0.8892137106664773,,75.00924890677196,0.9660400867654688,0.018313344235636,97.96333720751517,0.0451282583691515,-0.0052189667925896,120.246370824713,3.1008557336552696,0.0199697652923347,0.8892137106664773,0.0031472062524462692,0.9903395991323453,0.9195514772062376,False,True,False,False,Normal status.
1669.0,False,0.8898742220011726,,75.21571604627988,0.6926745250668366,0.0013483436417743,97.92620250400492,0.0292509838588693,0.0026585911631735,120.44921381824354,2.5627850628667583,0.0398760850545809,0.8898742220011726,0.007853419857903967,0.9930732547493316,0.9208339318256202,False,True,False,False,Normal status.
1679.0,False,0.889684886911969,,75.24821593613612,0.6198116377494199,0.0176390665991213,97.98626983827668,0.0322328530889734,0.0004270116511091,120.395832362078,2.197858487414831,-0.038080065097899,0.889684886911969,0.004872033773321308,0.9938018836225058,0.92091998592513,False,True,False,False,Normal status.
1689.0,False,0.8897704289875288,,75.33398779464778,0.6371521899951903,0.0091931061868618,97.98311964808828,0.042474832080871,-0.0036846263799486,120.5504499541333,2.473166638081915,0.0158648638944475,0.8897704289875288,0.006565047763121841,0.9936284781000481,0.9209278437212844,False,True,False,False,Normal status.
1699.0,False,0.8903375034334691,,75.24891743268186,0.6590639334670454,-0.0097251950783,98.02008161836218,0.0396843054818256,-0.0007950646256192,120.33102659393748,2.7319902783052297,0.0173722780081911,0.8903375034334691,0.003867732371303971,0.9934093606653296,0.9212590606030271,False,True,False,False,Normal status.
1709.0,False,0.8909296413895434,,75.0575472381525,0.7050504020182845,-0.0288357748111311,97.99542833701516,0.0368126565950735,-0.0004193493894013,120.65963776502387,2.9063135887920657,-0.0375463551738611,0.8909296413895434,0.004038302980161532,0.9929494959798172,0.9215355977666255,False,True,False,False,Normal status.
1719.0,False,0.8909093597281312,,74.87619393637023,1.0610860987486577,-0.0108724854080891,98.03636188999783,0.0326489650990457,0.0024513307707667,120.25324514299528,3.0960059156828037,-0.0129599808838168,0.8909093597281312,0.0012662257149764146,0.9893891390125135,0.9204532935134458,False,True,False,False,Normal status.
1729.0,False,0.8905966005298953,,75.0378084052992,1.2709704910386663,0.0248082397336065,98.02508703929084,0.0308284559509003,0.0053467992362612,120.009034113817,3.045759423570871,-0.0655509459634551,0.8905966005298953,0.00038124528285566033,0.9872902950896133,0.9196047088978105,False,True,False,False,Normal status.
1739.0,False,0.8911847550139157,,75.39631882296392,1.4569696802683336,0.0393273670500712,98.03055318466484,0.0346946205237179,-0.0031485088678315,119.61999025736728,3.3715426590066286,-0.0295823945453518,0.8911847550139157,0.003522833981901512,0.9854303031973166,0.9194584194689359,False,True,False,False,Normal status.
1749.0,False,0.8917346626157342,,75.48142171346348,0.8509333356673466,-0.0227430220378357,98.01086126148849,0.0250337258467064,0.0005040586611927,119.50396327947986,3.1041646134749654,0.0015999775768459,0.8917346626157342,0.004279304119675342,0.9914906666433265,0.9216614638240118,False,True,False,False,Normal status.
1759.0,False,0.8927264495077959,,75.24113133384314,0.8093100117002466,-0.0497440399559603,98.00163603968076,0.0295289024079454,0.0013785163589171,120.0286582000109,4.747665114936714,0.0555204678254223,0.8927264495077959,0.002286680634215744,0.9919068998829975,0.9224805846203563,False,True,False,False,Normal status.
1769.0,False,0.8929812714691443,,74.97753227272892,0.4508931762789748,-0.0049335304903607,98.02981049117048,0.0247671256981494,0.0015064808248496,119.96443157018253,6.054468304099661,-0.029114062460638,0.8929812714691443,0.0,0.9954910682372102,0.9237342104995641,False,True,False,False,Normal status.
1779.0,False,0.8935826162692716,,74.83069284309228,0.795635995223446,-0.0086081332144939,98.0691448733298,0.0347084147066996,0.0052164371601986,120.05280497100756,5.9591399422871225,-0.0633800630336096,0.8935826162692716,0.0002640248550378033,0.9920436400477656,0.9231209234028197,False,True,False,False,Normal status.
1789.0,False,0.8934462898282806,,74.85446333645682,1.033724270050987,-0.0088058684835994,98.07911495008209,0.0304224641649709,-0.0013697642498298,119.8433260185615,4.490715806249357,0.0317295245080518,0.8934462898282806,0.0,0.9896627572994902,0.9223112300696434,False,True,False,False,Normal status.
